{"cameraMode":{"drawMode":0,"name":"Shaded","section":"Shading Mode"},"sceneLighting":true,"audioPlay":false,"sceneViewState":{"m_AlwaysRefresh":false,"showFog":true,"showSkybox":true,"showFlares":true,"showImageEffects":true,"showParticleSystems":true,"showVisualEffectGraphs":true,"m_FxEnabled":true},"in2DMode":false,"pivot":{"x":554.1527709960938,"y":325.02716064453127,"z":28.616439819335939},"rotation":{"x":0.2371375411748886,"y":0.08324900269508362,"z":-0.02035553939640522,"w":0.9677178263664246},"size":103.07764434814453,"orthographic":false}